Station,Potential Savings (5 years),ROI,Recommendation
1.0,,,No Need
2.0,96698431.74181387,1932.9686348362773,Add Tank
3.0,19268968.84713123,384.3793769426246,Add Tank
4.0,7385434.598594707,146.70869197189415,Add Tank
5.0,29819596.301525455,595.3919260305091,Add Tank
6.0,2276780.196056259,44.53560392112518,Add Tank
7.0,993438.8040264519,18.868776080529038,Add Tank
8.0,79856.3621913123,0.5971272438262462,Add Tank
